price,Area,bathroom,bedroom,location
PKR2 Crore,4 Marla,-,-,"Eden Gardens, Faisalabad, Punjab"
PKR8 Crore,13 Marla,5,4,"Canal Road, Faisalabad, Punjab"
PKR15 Crore,1 Kanal,6,5,"Canal Road, Faisalabad, Punjab"
PKR5.5 Crore,14.5 Marla,5,5,"Canal Road, Faisalabad, Punjab"
PKR8.5 Crore,11 Marla,-,-,"Canal Road, Faisalabad, Punjab"
PKR2.9 Crore,5 Marla,4,3,"Eden Valley, Faisalabad, Punjab"
PKR2.5 Crore,7 Marla,4,3,"Canal Road, Faisalabad, Punjab"
PKR2.7 Crore,5 Marla,4,3,"Eden Valley, Faisalabad, Punjab"
PKR2.6 Crore,5 Marla,5,4,"Wapda City, Faisalabad, Punjab"
PKR6.25 Crore,10 Marla,6,5,"Canal Road, Faisalabad, Punjab"
PKR2.45 Crore,5 Marla,4,3,"Canal Road, Faisalabad, Punjab"
PKR2.3 Crore,5 Marla,4,3,"Eden Gardens, Faisalabad, Punjab"
PKR2.6 Crore,5 Marla,4,3,"Eden Orchard, Faisalabad, Punjab"
PKR6 Crore,11 Marla,6,5,"Eden Orchard, Faisalabad, Punjab"
PKR1.95 Crore,4 Marla,4,3,"Eden Gardens, Faisalabad, Punjab"
PKR2.15 Crore,4 Marla,4,3,"Eden Valley, Faisalabad, Punjab"
PKR2.5 Crore,5 Marla,5,3,"Eden Gardens, Faisalabad, Punjab"
PKR3 Crore,6 Marla,6,5,"Khayaban Gardens, Faisalabad, Punjab"
PKR4.5 Crore,11 Marla,6,5,"Khayaban Gardens, Faisalabad, Punjab"
PKR50 Crore,3 Kanal,7,8,"Civil Lines, Faisalabad, Punjab"
PKR3 Crore,10 Marla,6,5,"Citi Housing, Faisalabad, Punjab"
PKR18 Crore,4 Kanal,6,8,"Citi Housing, Faisalabad, Punjab"
PKR1.55 Crore,5 Marla,4,3,"Citi Housing, Faisalabad, Punjab"
PKR12 Crore,2 Kanal,6,5,"Citi Housing, Faisalabad, Punjab"
PKR9.5 Crore,1 Kanal,5,6,"Citi Housing, Faisalabad, Punjab"
PKR2.3 Crore,5 Marla,4,3,"Eden Gardens, Faisalabad, Punjab"
PKR5.5 Crore,10 Marla,5,4,"Wapda City, Faisalabad, Punjab"
PKR2.6 Crore,5 Marla,-,-,"Eden Gardens, Faisalabad, Punjab"
PKR2.65 Crore,5 Marla,-,-,"Eden Valley, Faisalabad, Punjab"
PKR2.75 Crore,5 Marla,-,-,"Eden Valley, Faisalabad, Punjab"
PKR11 Crore,1 Kanal,6,6,"Wapda City, Faisalabad, Punjab"
PKR1.35 Crore,5 Marla,4,3,"Citi Housing, Faisalabad, Punjab"
PKR2 Crore,5 Marla,4,3,"Citi Housing, Faisalabad, Punjab"
PKR3.75 Crore,10 Marla,5,5,"Wapda City, Faisalabad, Punjab"
PKR3.5 Crore,6 Marla,5,4,"Riaz ul Jannah, Faisalabad, Punjab"
PKR1.75 Crore,5 Marla,3,3,"Lower Canal Road, Faisalabad, Punjab"
PKR2.6 Crore,5 Marla,-,-,"Eden Gardens, Faisalabad, Punjab"
PKR6 Crore,10 Marla,7,5,"Canal Road, Faisalabad, Punjab"
PKR2.75 Crore,5 Marla,4,3,"Eden Orchard, Faisalabad, Punjab"
PKR1.85 Crore,5 Marla,4,3,"Citi Housing, Faisalabad, Punjab"
PKR2.55 Crore,5 Marla,4,3,"Wapda City, Faisalabad, Punjab"
PKR4.75 Crore,10 Marla,5,4,"Wapda City, Faisalabad, Punjab"
PKR1.75 Crore,5 Marla,4,3,"Citi Housing, Faisalabad, Punjab"
PKR1.75 Crore,5 Marla,4,3,"Citi Housing, Faisalabad, Punjab"
PKR1.35 Crore,3 Marla,4,3,"Canal Road, Faisalabad, Punjab"
PKR2.7 Crore,7 Marla,5,4,"Canal Road, Faisalabad, Punjab"
PKR2.7 Crore,5 Marla,4,3,"Eden Orchard, Faisalabad, Punjab"
PKR14 Crore,1 Kanal,7,5,"Canal Road, Faisalabad, Punjab"
PKR1.8 Crore,5 Marla,4,3,"Citi Housing, Faisalabad, Punjab"
PKR4.25 Crore,7 Marla,-,-,"Canal Road, Faisalabad, Punjab"
PKR4.25 Crore,7 Marla,4,4,"Eden Valley, Faisalabad, Punjab"
PKR2.9 Crore,5 Marla,-,-,"Eden Valley, Faisalabad, Punjab"
PKR2.25 Crore,4 Marla,-,-,"Eden Valley, Faisalabad, Punjab"
PKR2.6 Crore,5 Marla,-,-,"Eden Valley, Faisalabad, Punjab"
PKR3.7 Crore,7 Marla,-,-,"Eden Valley, Faisalabad, Punjab"
PKR2.3 Crore,5 Marla,-,-,"Eden Orchard, Faisalabad, Punjab"
PKR1.5 Crore,5 Marla,4,4,"FDA City, Faisalabad, Punjab"
PKR2 Crore,5 Marla,-,-,"Eden Valley, Faisalabad, Punjab"
PKR2.2 Crore,5 Marla,-,-,"Canal Road, Faisalabad, Punjab"
PKR1.3 Crore,5 Marla,3,3,"Canal Road, Faisalabad, Punjab"
PKR5.5 Crore,1 Kanal,7,7,"Susan Road, Faisalabad, Punjab"
PKR2.3 Crore,4.5 Marla,4,3,"Eden Gardens, Faisalabad, Punjab"
PKR2.5 Crore,10 Marla,5,5,"Satiana Road, Faisalabad, Punjab"
PKR5.25 Crore,9 Marla,6,5,"Eden Valley, Faisalabad, Punjab"
PKR2.45 Crore,5 Marla,4,3,"Eden Orchard, Faisalabad, Punjab"
PKR2.5 Crore,5 Marla,4,3,"Eden Orchard, Faisalabad, Punjab"
PKR5.75 Crore,11 Marla,7,5,"Eden Orchard, Faisalabad, Punjab"
PKR2.9 Crore,5 Marla,-,-,"Eden Valley, Faisalabad, Punjab"
PKR2.65 Crore,5 Marla,-,-,"Eden Valley, Faisalabad, Punjab"
PKR2.6 Crore,5 Marla,-,-,"Eden Valley, Faisalabad, Punjab"
PKR3.7 Crore,7 Marla,-,-,"Eden Valley, Faisalabad, Punjab"
PKR3.7 Crore,7 Marla,-,-,"Eden Valley, Faisalabad, Punjab"
PKR2.6 Crore,5 Marla,-,-,"Eden Gardens, Faisalabad, Punjab"
PKR1.6 Crore,5 Marla,4,3,"Lower Canal Road, Faisalabad, Punjab"
PKR1.9 Crore,3 Marla,3,3,"Eden Valley, Faisalabad, Punjab"
PKR3.25 Crore,10 Marla,5,4,"Citi Housing, Faisalabad, Punjab"
PKR4.5 Crore,5 Marla,2,4,"Ghulam Mohammad Abad, Faisalabad, Punjab"
PKR3.5 Crore,11 Marla,3,3,"Al Najaf Colony, Faisalabad, Punjab"
PKR15 Crore,1 Kanal,6,6,"Canal Road, Faisalabad, Punjab"
PKR13 Crore,1 Kanal,7,5,"Canal Road, Faisalabad, Punjab"
PKR3.45 Crore,7 Marla,5,5,"Satiana Road, Faisalabad, Punjab"
PKR2.75 Crore,5 Marla,5,3,"Eden Orchard, Faisalabad, Punjab"
PKR4.25 Crore,7 Marla,5,5,"Eden Valley, Faisalabad, Punjab"
PKR2 Crore,5 Marla,5,4,"Eden Valley, Faisalabad, Punjab"
PKR1.85 Crore,5 Marla,5,4,"Gulberg Valley, Faisalabad, Punjab"
PKR2.8 Crore,5 Marla,4,3,"Canal Garden, Faisalabad, Punjab"
PKR8 Crore,13 Marla,5,4,"Lahore - Sheikhupura - Faisalabad Road, Faisalabad, Punjab"
PKR4 Crore,7 Marla,4,5,"D Ground, Faisalabad, Punjab"
PKR1.95 Crore,5 Marla,5,5,"Satiana Road, Faisalabad, Punjab"
PKR4.5 Crore,7 Marla,-,-,"Canal Road, Faisalabad, Punjab"
PKR1.85 Crore,3.2 Marla,4,3,"Eden Valley, Faisalabad, Punjab"
PKR2.55 Crore,5 Marla,4,3,"Canal Road, Faisalabad, Punjab"
PKR1.4 Crore,2.5 Marla,3,3,"Eden Valley, Faisalabad, Punjab"
PKR2.9 Crore,5 Marla,4,4,"Eden Valley, Faisalabad, Punjab"
PKR13 Crore,1 Kanal,7,5,"Canal Road, Faisalabad, Punjab"
PKR39 Crore,1.3 Kanal,-,-,"Canal Road, Faisalabad, Punjab"
PKR3.5 Crore,6 Marla,7,4,"Canal Road, Faisalabad, Punjab"
PKR1.5 Crore,7 Marla,2,2,"Lower Canal Road, Faisalabad, Punjab"
PKR1.8 Crore,5 Marla,-,-,"Madina Town, Faisalabad, Punjab"
PKR3 Crore,7 Marla,-,-,"Madina Town, Faisalabad, Punjab"
PKR5.5 Crore,1 Kanal,5,4,"Judicial Employees Coop Housing Society, Faisalabad, Punjab"
PKR4.75 Crore,10 Marla,4,4,"Wapda City, Faisalabad, Punjab"
PKR13.5 Crore,1 Kanal,7,5,"Wapda City, Faisalabad, Punjab"
PKR3.5 Crore,6 Marla,5,4,"Eden Valley, Faisalabad, Punjab"
PKR3.5 Crore,6.5 Marla,4,4,"Eden Valley, Faisalabad, Punjab"
PKR4.25 Crore,7 Marla,5,4,"Eden Valley, Faisalabad, Punjab"
PKR2.5 Crore,4.5 Marla,3,3,"Eden Gardens, Faisalabad, Punjab"
PKR18 Crore,1.2 Kanal,6,8,"Wapda City, Faisalabad, Punjab"
PKR2 Crore,5 Marla,4,3,"Lower Canal Road, Faisalabad, Punjab"
PKR4.25 Crore,7 Marla,-,-,"Canal Road, Faisalabad, Punjab"
PKR3.5 Crore,7 Marla,5,4,"Canal Road, Faisalabad, Punjab"
PKR4.25 Crore,7 Marla,6,5,"Eden Valley, Faisalabad, Punjab"
PKR9 Crore,18 Marla,7,7,"Saeed Colony, Faisalabad, Punjab"
PKR1.15 Crore,2.5 Marla,-,3,"Ghalib City, Faisalabad, Punjab"
PKR7 Crore,16 Marla,5,5,"Canal Road, Faisalabad, Punjab"
PKR2 Crore,5 Marla,7,4,"Saeed Colony, Faisalabad, Punjab"
PKR15 Crore,1.3 Kanal,7,8,"Canal Road, Faisalabad, Punjab"
PKR14 Crore,1 Kanal,6,5,"Wapda City, Faisalabad, Punjab"
PKR7.95 Crore,15 Marla,6,5,"Wapda City, Faisalabad, Punjab"
PKR1.55 Crore,5 Marla,-,-,"Citi Housing, Faisalabad, Punjab"
PKR1.75 Crore,5 Marla,4,3,"Eden Gardens, Faisalabad, Punjab"
PKR25 Crore,2 Kanal,6,5,"Canal Expressway, Faisalabad, Punjab"
PKR3.8 Crore,10 Marla,4,4,"Wapda City, Faisalabad, Punjab"
PKR30 Crore,2.3 Kanal,7,6,"Wapda City, Faisalabad, Punjab"
PKR18.5 Crore,1.2 Kanal,5,5,"Wapda City, Faisalabad, Punjab"
PKR2.6 Crore,5 Marla,4,3,"Eden Valley, Faisalabad, Punjab"
PKR7.5 Crore,10 Marla,6,5,"Eden Valley, Faisalabad, Punjab"
PKR2.4 Crore,5 Marla,4,3,"Canal Road, Faisalabad, Punjab"
PKR2.7 Crore,9 Marla,5,4,"Khayaban Colony 2, Faisalabad, Punjab"
PKR4 Crore,7 Marla,5,4,"Canal Road, Faisalabad, Punjab"
PKR8.5 Crore,12 Marla,6,5,"Canal Road, Faisalabad, Punjab"
PKR6.75 Crore,1.2 Kanal,6,6,"Shadman Colony, Faisalabad, Punjab"
PKR4.1 Crore,7 Marla,5,4,"Eden Valley, Faisalabad, Punjab"
PKR4.1 Crore,7 Marla,6,5,"Canal Road, Faisalabad, Punjab"
PKR3.25 Crore,6 Marla,4,3,"Canal Road, Faisalabad, Punjab"
PKR5 Crore,14 Marla,6,6,"Saeed Colony, Faisalabad, Punjab"
PKR7.5 Crore,10 Marla,6,5,"Canal Road, Faisalabad, Punjab"
PKR2.25 Crore,5 Marla,-,-,"Madina Town, Faisalabad, Punjab"
PKR4.5 Crore,10 Marla,6,5,"Wapda City, Faisalabad, Punjab"
PKR4.8 Crore,10 Marla,5,4,"Wapda City, Faisalabad, Punjab"
PKR4.75 Crore,10 Marla,5,4,"Wapda City, Faisalabad, Punjab"
PKR2.6 Crore,5 Marla,4,3,"Wapda City, Faisalabad, Punjab"
PKR4.95 Crore,10 Marla,4,4,"Wapda City, Faisalabad, Punjab"
PKR4.4 Crore,10 Marla,4,4,"Wapda City, Faisalabad, Punjab"
PKR2 Crore,3.7 Marla,3,3,"Canal Garden, Faisalabad, Punjab"
PKR2.45 Crore,5.5 Marla,3,3,"Canal Expressway, Faisalabad, Punjab"
PKR4.5 Crore,11.5 Marla,5,5,"Gulshan e Madina, Faisalabad, Punjab"
PKR1.9 Crore,3 Marla,3,3,"Eden Valley, Faisalabad, Punjab"
PKR1.85 Crore,5 Marla,4,3,"Citi Housing, Faisalabad, Punjab"
PKR2.85 Crore,10 Marla,5,4,"Citi Housing, Faisalabad, Punjab"
PKR7 Crore,1 Kanal,4,4,"Peoples Colony No 1, Faisalabad, Punjab"
PKR45 Crore,4 Kanal,7,6,"Canal Road, Faisalabad, Punjab"
PKR3.3 Crore,7 Marla,4,4,"Eden Gardens, Faisalabad, Punjab"
PKR14 Crore,1 Kanal,6,5,"Abdullah Garden, Faisalabad, Punjab"
PKR11 Crore,15 Marla,6,5,"Abdullah Garden, Faisalabad, Punjab"
PKR5.15 Crore,10 Marla,5,4,"Canal Road, Faisalabad, Punjab"
PKR5.15 Crore,10 Marla,5,4,"Canal Road, Faisalabad, Punjab"
PKR5.25 Crore,15 Marla,-,-,"Wapda City, Faisalabad, Punjab"
PKR14.5 Crore,1 Kanal,-,-,"Canal Road, Faisalabad, Punjab"
PKR1.7 Crore,5 Marla,3,3,"Lower Canal Road, Faisalabad, Punjab"
PKR2.3 Crore,5 Marla,4,3,"Eden Gardens, Faisalabad, Punjab"
PKR4.5 Crore,7 Marla,5,4,"Canal Road, Faisalabad, Punjab"
PKR3.5 Crore,10 Marla,5,4,"Wapda City, Faisalabad, Punjab"
PKR1.75 Crore,6 Marla,4,3,"Gulistan Colony No 1, Faisalabad, Punjab"
PKR12.5 Crore,1 Kanal,4,4,"Peoples Colony No 1, Faisalabad, Punjab"
PKR4.9 Crore,10 Marla,6,6,"Wapda City, Faisalabad, Punjab"
PKR2.59 Crore,5 Marla,5,5,"Satiana Road, Faisalabad, Punjab"
PKR2.65 Crore,5 Marla,4,3,"Eden Valley, Faisalabad, Punjab"
PKR2.9 Crore,5 Marla,4,4,"Eden Valley, Faisalabad, Punjab"
PKR4.15 Crore,1 Kanal,5,5,"Peoples Colony No 1, Faisalabad, Punjab"
PKR1.55 Crore,5 Marla,4,3,"Citi Housing, Faisalabad, Punjab"
PKR1.85 Crore,5 Marla,4,3,"Citi Housing, Faisalabad, Punjab"
PKR1.75 Crore,10 Marla,6,5,"Citi Housing, Faisalabad, Punjab"
PKR2.6 Crore,5 Marla,-,-,"Eden Valley, Faisalabad, Punjab"
PKR2.75 Crore,5 Marla,-,-,"Eden Valley, Faisalabad, Punjab"
PKR26 Crore,10 Kanal,6,6,"Canal Road, Faisalabad, Punjab"
PKR2.4 Crore,8 Marla,6,5,"Eden Gardens, Faisalabad, Punjab"
PKR5.5 Crore,9 Marla,-,-,"Canal Road, Faisalabad, Punjab"
PKR3.6 Crore,6 Marla,6,5,"Eden Valley, Faisalabad, Punjab"
PKR4.1 Crore,7 Marla,5,4,"Canal Road, Faisalabad, Punjab"
PKR2.7 Crore,5 Marla,4,3,"Eden Valley, Faisalabad, Punjab"
PKR5.6 Crore,1.1 Kanal,6,6,"Khayaban Colony 2, Faisalabad, Punjab"
PKR1.6 Crore,5 Marla,4,4,"Gulberg Valley, Faisalabad, Punjab"
PKR3 Crore,7 Marla,6,5,"Eden Valley, Faisalabad, Punjab"
PKR2.7 Crore,5 Marla,5,4,"Eden Valley, Faisalabad, Punjab"
PKR1.6 Crore,4 Marla,3,3,"Lower Canal Road, Faisalabad, Punjab"
PKR3.75 Crore,11 Marla,6,5,"Khayaban Colony 2, Faisalabad, Punjab"
PKR2.7 Crore,5 Marla,4,3,"Eden Orchard, Faisalabad, Punjab"
PKR3.3 Crore,10 Marla,6,5,"Citi Housing, Faisalabad, Punjab"
PKR2.75 Crore,5 Marla,4,3,"Eden Orchard, Faisalabad, Punjab"
PKR2.3 Crore,6 Marla,5,5,"Khayaban Gardens, Faisalabad, Punjab"
PKR3.5 Crore,7 Marla,5,4,"Eden Orchard, Faisalabad, Punjab"
PKR2.25 Crore,4 Marla,-,-,"Eden Valley, Faisalabad, Punjab"
PKR4.5 Crore,6 Marla,7,4,"Canal Road, Faisalabad, Punjab"
PKR1.9 Crore,4 Marla,4,3,"Canal Road, Faisalabad, Punjab"
PKR4.75 Crore,10 Marla,6,5,"Wapda City, Faisalabad, Punjab"
PKR2.25 Crore,5 Marla,4,4,"Mian Zulfiqar Ali Shahid Road, Faisalabad, Punjab"
PKR4.4 Crore,1 Kanal,6,7,"Satiana Road, Faisalabad, Punjab"
PKR2.8 Crore,10 Marla,5,5,"Citi Housing, Faisalabad, Punjab"
PKR3.45 Crore,7 Marla,5,4,"Satiana Road, Faisalabad, Punjab"
PKR13 Crore,1.3 Kanal,6,6,"Canal Road, Faisalabad, Punjab"
PKR11 Crore,15 Marla,6,5,"Abdullah Garden, Faisalabad, Punjab"
PKR2.9 Crore,7 Marla,6,5,"Eden Gardens, Faisalabad, Punjab"
PKR2.5 Crore,5 Marla,4,3,"Eden Gardens, Faisalabad, Punjab"
PKR3.2 Crore,7 Marla,5,4,"Eden Gardens, Faisalabad, Punjab"
PKR4.3 Crore,11 Marla,6,5,"Khayaban Gardens, Faisalabad, Punjab"
PKR5.3 Crore,11 Marla,6,5,"Eden Orchard, Faisalabad, Punjab"
PKR3.75 Crore,10 Marla,5,5,"Satiana Road, Faisalabad, Punjab"
PKR2.75 Crore,5 Marla,4,3,"Eden Orchard, Faisalabad, Punjab"
PKR1.6 Crore,5 Marla,3,4,"Sargodha Road, Faisalabad, Punjab"
PKR1.2 Crore,3 Marla,4,3,"Kareem City, Faisalabad, Punjab"
PKR1.25 Crore,4 Marla,4,4,"Gulistan Colony No 1, Faisalabad, Punjab"
PKR2.3 Crore,5 Marla,4,3,"Eden Valley, Faisalabad, Punjab"
PKR2.75 Crore,7 Marla,5,4,"Muslim Town, Faisalabad, Punjab"
PKR2.6 Crore,6.3 Marla,5,4,"Khayaban Gardens, Faisalabad, Punjab"
PKR8.5 Crore,12 Marla,5,5,"Canal Road, Faisalabad, Punjab"
PKR8 Crore,12 Marla,6,5,"Canal Road, Faisalabad, Punjab"
PKR6 Crore,1 Kanal,6,6,"Citi Housing, Faisalabad, Punjab"
PKR3 Crore,10 Marla,4,5,"Citi Housing, Faisalabad, Punjab"
PKR2 Crore,4 Marla,-,-,"Eden Gardens, Faisalabad, Punjab"
PKR2.4 Crore,5 Marla,-,-,"Eden Orchard, Faisalabad, Punjab"
PKR2.4 Crore,5 Marla,4,3,"Eden Valley, Faisalabad, Punjab"
PKR1.95 Crore,5 Marla,-,-,"Citi Housing, Faisalabad, Punjab"
PKR25 Crore,1.8 Kanal,5,5,"Canal Road, Faisalabad, Punjab"
PKR28 Crore,12.6 Kanal,7,11,"Raza Town, Faisalabad, Punjab"
PKR2.5 Crore,8 Marla,4,3,"Faisal Gardens, Faisalabad, Punjab"
PKR2.45 Crore,5 Marla,4,3,"Eden Gardens, Faisalabad, Punjab"
PKR5.5 Crore,10 Marla,6,5,"Eden Valley, Faisalabad, Punjab"
PKR1.6 Crore,4 Marla,4,3,"Samundari Road, Faisalabad, Punjab"
PKR2.48 Crore,5 Marla,4,3,"Eden Gardens, Faisalabad, Punjab"
PKR8 Crore,12 Marla,6,5,"Canal Road, Faisalabad, Punjab"
PKR2.7 Crore,5 Marla,4,3,"Eden Valley, Faisalabad, Punjab"
PKR2.35 Crore,5 Marla,4,3,"Eden Gardens, Faisalabad, Punjab"
PKR2.72 Crore,8 Marla,5,5,"Gulbahar Colony, Faisalabad, Punjab"
PKR1.7 Crore,5 Marla,4,3,"Citi Housing, Faisalabad, Punjab"
PKR2.6 Crore,5 Marla,4,3,"Eden Valley, Faisalabad, Punjab"
PKR3.8 Crore,7 Marla,-,4,"Eden Valley, Faisalabad, Punjab"
PKR1.4 Crore,5 Marla,2,2,"Canal Road, Faisalabad, Punjab"
PKR8.5 Crore,1 Kanal,6,5,"Khayaban Gardens, Faisalabad, Punjab"
PKR1.8 Crore,5 Marla,4,3,"Canal Road, Faisalabad, Punjab"
PKR3.5 Crore,7 Marla,5,4,"Eden Orchard, Faisalabad, Punjab"
PKR3 Crore,9 Marla,6,6,"Khayaban Gardens, Faisalabad, Punjab"
PKR34 Crore,3 Kanal,7,6,"Eden Valley, Faisalabad, Punjab"
PKR2.65 Crore,5 Marla,-,-,"Eden Valley, Faisalabad, Punjab"
PKR12.5 Crore,1 Kanal,5,5,"Paradise Valley, Faisalabad, Punjab"
PKR2.75 Crore,5 Marla,-,-,"Eden Valley, Faisalabad, Punjab"
PKR2.25 Crore,4 Marla,-,-,"Eden Valley, Faisalabad, Punjab"
PKR9 Crore,1 Kanal,7,7,"Canal Road, Faisalabad, Punjab"
PKR4.9 Crore,15 Marla,4,2,"Wapda City, Faisalabad, Punjab"
PKR2 Crore,5 Marla,5,4,"Madina Town, Faisalabad, Punjab"
PKR15.5 Crore,1 Kanal,6,5,"DHA Defence, Lahore, Punjab"
PKR10.5 Crore,1 Kanal,6,5,"DHA Defence, Lahore, Punjab"
PKR2.85 Crore,5 Marla,4,3,"DHA Defence, Lahore, Punjab"
PKR9.75 Crore,1 Kanal,6,5,"DHA Defence, Lahore, Punjab"
PKR1.8 Crore,5 Marla,4,4,"Park View City, Lahore, Punjab"
PKR7.75 Crore,1 Kanal,6,5,"DHA Defence, Lahore, Punjab"
PKR9.13 Crore,1 Kanal,6,5,"DHA Defence, Lahore, Punjab"
PKR4.2 Crore,10 Marla,6,5,"Wapda Town, Lahore, Punjab"
PKR13.5 Crore,1 Kanal,6,5,"DHA Defence, Lahore, Punjab"
PKR4.5 Crore,10 Marla,6,5,"PIA Housing Scheme, Lahore, Punjab"
PKR2.8 Crore,5 Marla,4,3,"DHA Defence, Lahore, Punjab"
PKR2.65 Crore,5 Marla,4,3,"DHA Defence, Lahore, Punjab"
PKR7.47 Crore,1 Kanal,6,5,"DHA Defence, Lahore, Punjab"
PKR5.85 Crore,10 Marla,5,4,"DHA Defence, Lahore, Punjab"
PKR7.1 Crore,10 Marla,5,4,"DHA Defence, Lahore, Punjab"
PKR1.65 Crore,3 Marla,3,3,"Farooq Colony, Lahore, Punjab"
PKR4.4 Crore,8 Marla,5,4,"DHA 11 Rahbar, Lahore, Punjab"
PKR32 Crore,2 Kanal,7,8,"DHA Defence, Lahore, Punjab"
PKR9.9 Crore,1 Kanal,6,5,"DHA Defence, Lahore, Punjab"
PKR11.75 Crore,1 Kanal,6,5,"DHA Defence, Lahore, Punjab"
PKR7.85 Crore,1 Kanal,6,5,"DHA Defence, Lahore, Punjab"
PKR5.6 Crore,10 Marla,6,5,"DHA Defence, Lahore, Punjab"
PKR2.45 Crore,5 Marla,4,4,"Park View City, Lahore, Punjab"
PKR5.65 Crore,10 Marla,6,5,"DHA Defence, Lahore, Punjab"
PKR1.9 Crore,5 Marla,4,4,"Park View City, Lahore, Punjab"
PKR3.5 Crore,10 Marla,6,5,"Bahria Town, Lahore, Punjab"
PKR7.49 Crore,10 Marla,7,5,"Raiwind Road, Lahore, Punjab"
PKR1.88 Crore,5 Marla,4,4,"Park View City, Lahore, Punjab"
PKR7.79 Crore,1 Kanal,6,5,"DHA Defence, Lahore, Punjab"
PKR18 Crore,1 Kanal,7,6,"DHA Defence, Lahore, Punjab"
PKR2.3 Crore,5 Marla,4,3,"DHA 11 Rahbar, Lahore, Punjab"
PKR7.75 Crore,1 Kanal,6,5,"DHA Defence, Lahore, Punjab"
PKR10.5 Crore,1 Kanal,6,5,"DHA Defence, Lahore, Punjab"
PKR3.3 Crore,5 Marla,3,3,"DHA Defence, Lahore, Punjab"
PKR1.37 Crore,3 Marla,3,3,"Raiwind Road, Lahore, Punjab"
PKR2.85 Crore,5 Marla,4,3,"DHA Defence, Lahore, Punjab"
PKR2.7 Crore,5 Marla,4,3,"DHA Defence, Lahore, Punjab"
PKR9 Crore,1 Kanal,7,6,"DHA Defence, Lahore, Punjab"
PKR24 Crore,2 Kanal,6,5,"Zaman Park, Lahore, Punjab"
PKR2.55 Crore,5 Marla,5,4,"Johar Town, Lahore, Punjab"
PKR8.9 Crore,1 Kanal,6,5,"DHA Defence, Lahore, Punjab"
PKR2.52 Crore,5 Marla,4,3,"DHA Defence, Lahore, Punjab"
PKR5.85 Crore,9 Marla,5,4,"DHA Defence, Lahore, Punjab"
PKR5.85 Crore,10 Marla,6,5,"DHA Defence, Lahore, Punjab"
PKR7.9 Crore,1 Kanal,6,5,"DHA Defence, Lahore, Punjab"
PKR6.25 Crore,12 Marla,5,4,"DHA Defence, Lahore, Punjab"
PKR5.85 Crore,10 Marla,5,4,"DHA Defence, Lahore, Punjab"
PKR6 Crore,10 Marla,5,4,"DHA Defence, Lahore, Punjab"
PKR5.75 Crore,10 Marla,5,4,"DHA Defence, Lahore, Punjab"
PKR5.8 Crore,10 Marla,5,4,"DHA Defence, Lahore, Punjab"
PKR19.5 Crore,1 Kanal,7,6,"DHA Defence, Lahore, Punjab"
PKR18 Crore,2 Kanal,7,7,"DHA Defence, Lahore, Punjab"
PKR2.3 Crore,8.5 Marla,6,5,"Formanites Housing Scheme, Lahore, Punjab"
PKR7.83 Crore,1 Kanal,6,5,"DHA Defence, Lahore, Punjab"
PKR1.7 Crore,5 Marla,4,4,"Park View City, Lahore, Punjab"
PKR9.99 Crore,1 Kanal,6,6,"DHA Defence, Lahore, Punjab"
PKR2.63 Crore,5 Marla,4,3,"DHA Defence, Lahore, Punjab"
PKR9.5 Crore,1 Kanal,6,5,"Fazaia Housing Scheme, Lahore, Punjab"
PKR55 Lakh,5 Marla,2,2,"Raiwind Road, Lahore, Punjab"
PKR19.75 Crore,1 Kanal,7,5,"DHA Defence, Lahore, Punjab"
PKR15 Crore,1 Kanal,7,5,"DHA Defence, Lahore, Punjab"
PKR6.5 Crore,12 Marla,6,6,"BOR - Board of Revenue Housing Society, Lahore, Punjab"
PKR8 Crore,1 Kanal,6,5,"DHA Defence, Lahore, Punjab"
PKR6.95 Crore,1 Kanal,6,5,"DHA Defence, Lahore, Punjab"
PKR6.8 Crore,1 Kanal,6,5,"DHA Defence, Lahore, Punjab"
PKR10.5 Crore,1 Kanal,6,5,"DHA Defence, Lahore, Punjab"
PKR9 Crore,1 Kanal,6,5,"DHA Defence, Lahore, Punjab"
PKR6.1 Crore,10 Marla,6,6,"DHA Defence, Lahore, Punjab"
PKR5.5 Crore,1 Kanal,7,7,"Nawab Town, Lahore, Punjab"
PKR7.1 Crore,10 Marla,5,4,"DHA Defence, Lahore, Punjab"
PKR7.9 Crore,1 Kanal,5,4,"DHA Defence, Lahore, Punjab"
PKR4.95 Crore,14 Marla,5,5,"DHA Defence, Lahore, Punjab"
PKR14.99 Crore,1 Kanal,6,5,"DHA Defence, Lahore, Punjab"
PKR6.65 Crore,1 Kanal,6,5,"DHA Defence, Lahore, Punjab"
PKR75 Lakh,2 Marla,2,2,"Qadri Colony, Lahore, Punjab"
PKR5 Crore,10 Marla,5,4,"DHA Defence, Lahore, Punjab"
PKR10 Crore,1 Kanal,6,5,"DHA Defence, Lahore, Punjab"
PKR2.25 Crore,5 Marla,5,4,"Park View City, Lahore, Punjab"
PKR2.25 Crore,5 Marla,5,4,"Park View City, Lahore, Punjab"
PKR11 Crore,1 Kanal,6,5,"DHA Defence, Lahore, Punjab"
PKR8.25 Crore,1 Kanal,6,5,"DHA Defence, Lahore, Punjab"
PKR13.5 Crore,1 Kanal,6,5,"DHA Defence, Lahore, Punjab"
PKR9.4 Crore,1 Kanal,6,6,"DHA Defence, Lahore, Punjab"
PKR9.4 Crore,1 Kanal,6,5,"DHA Defence, Lahore, Punjab"
PKR4.25 Crore,10 Marla,6,5,"Paragon City, Lahore, Punjab"
PKR1.9 Crore,5 Marla,4,4,"Park View City, Lahore, Punjab"
PKR1.7 Crore,PKR2.35 Lakh,PKR84.78 Lakh,5,For Sale
PKR10.5 Crore,1 Kanal,6,5,"DHA Defence, Lahore, Punjab"
PKR1.6 Crore,PKR2.22 Lakh,PKR79.92 Lakh,5,For Sale
PKR1.65 Crore,PKR2.29 Lakh,PKR82.44 Lakh,5,For Sale
PKR1.7 Crore,PKR2.35 Lakh,PKR84.78 Lakh,5,For Sale
PKR2.1 Crore,5 Marla,4,4,"Park View City, Lahore, Punjab"
PKR9.75 Crore,1 Kanal,6,5,"DHA Defence, Lahore, Punjab"
PKR2.75 Crore,5 Marla,4,3,"DHA Defence, Lahore, Punjab"
PKR2.75 Crore,5 Marla,4,3,"DHA Defence, Lahore, Punjab"
PKR1.85 Crore,4 Marla,4,3,"Paragon City, Lahore, Punjab"
PKR2.7 Crore,5 Marla,4,3,"Paragon City, Lahore, Punjab"
PKR2.2 Crore,5 Marla,4,4,"Park View City, Lahore, Punjab"
PKR2.5 Crore,5 Marla,4,3,"DHA 11 Rahbar, Lahore, Punjab"
PKR2.7 Crore,5 Marla,4,3,"DHA Defence, Lahore, Punjab"
PKR1.65 Crore,5 Marla,4,4,"Park View City, Lahore, Punjab"
PKR9.19 Crore,1 Kanal,6,5,"DHA Defence, Lahore, Punjab"
PKR3.9 Crore,10 Marla,6,5,"Bahria Town, Lahore, Punjab"
PKR4.65 Crore,10 Marla,6,6,"Central Park Housing Scheme, Lahore, Punjab"
PKR2.95 Crore,10 Marla,6,5,"Bahria Town, Lahore, Punjab"
PKR1.65 Crore,3 Marla,4,3,"Raiwind Road, Lahore, Punjab"
PKR68 Lakh,3 Marla,2,2,"Multan Road, Lahore, Punjab"
PKR5.25 Crore,10 Marla,4,4,"Paragon City, Lahore, Punjab"
PKR65 Lakh,3 Marla,2,2,"Jubilee Town, Lahore, Punjab"
PKR6.5 Crore,7.5 Marla,7,6,"Johar Town, Lahore, Punjab"
PKR14.75 Crore,2 Kanal,6,6,"DHA Defence, Lahore, Punjab"
PKR8.9 Crore,1 Kanal,6,5,"DHA Defence, Lahore, Punjab"
PKR5.15 Crore,10 Marla,5,4,"DHA Defence, Lahore, Punjab"
PKR14 Crore,2.2 Kanal,6,5,"Johar Town, Lahore, Punjab"
PKR12.4 Crore,1 Kanal,6,5,"DHA Defence, Lahore, Punjab"
PKR28.5 Crore,2 Kanal,7,7,"DHA Defence, Lahore, Punjab"
PKR2.8 Crore,7 Marla,5,4,"DHA Defence, Lahore, Punjab"
PKR4.35 Crore,8 Marla,5,4,"DHA Defence, Lahore, Punjab"
PKR7.25 Crore,1 Kanal,6,5,"DHA Defence, Lahore, Punjab"
PKR9.5 Crore,1 Kanal,6,5,"DHA Defence, Lahore, Punjab"
PKR13.75 Crore,1 Kanal,7,6,"DHA Defence, Lahore, Punjab"
PKR7.5 Crore,1 Kanal,6,5,"DHA Defence, Lahore, Punjab"
PKR9 Crore,1 Kanal,6,5,"DHA Defence, Lahore, Punjab"
PKR8 Crore,1 Kanal,6,5,"DHA Defence, Lahore, Punjab"
PKR7.5 Crore,1 Kanal,6,5,"DHA Defence, Lahore, Punjab"
PKR7.5 Crore,1 Kanal,6,5,"DHA Defence, Lahore, Punjab"
PKR32.55 Crore,2 Kanal,7,6,"DHA Defence, Lahore, Punjab"
PKR1.75 Crore,5 Marla,5,3,"Bahria Town, Lahore, Punjab"
PKR1.98 Crore,4.5 Marla,4,4,"Marghzar Officers Colony, Lahore, Punjab"
PKR3.7 Crore,10 Marla,6,5,"Marghzar Officers Colony, Lahore, Punjab"
PKR4.55 Crore,10 Marla,6,4,"DHA Defence, Lahore, Punjab"
PKR2.15 Crore,5 Marla,4,3,"Central Park Housing Scheme, Lahore, Punjab"
PKR1.25 Crore,3 Marla,3,3,"Raiwind Road, Lahore, Punjab"
PKR1.5 Crore,4 Marla,3,3,"Military Accounts Housing Society, Lahore, Punjab"
PKR13 Crore,1 Kanal,6,5,"Johar Town, Lahore, Punjab"
PKR10.95 Crore,1 Kanal,6,5,"DHA Defence, Lahore, Punjab"
PKR8.15 Crore,1 Kanal,6,6,"DHA Defence, Lahore, Punjab"
PKR5.3 Crore,10 Marla,6,5,"Bahria Town, Lahore, Punjab"
PKR4 Crore,10 Marla,6,5,"Bahria Town, Lahore, Punjab"
PKR4.1 Crore,11 Marla,6,5,"Bahria Town, Lahore, Punjab"
PKR8.5 Crore,1 Kanal,6,5,"DHA Defence, Lahore, Punjab"
PKR10 Crore,1 Kanal,6,5,"DHA Defence, Lahore, Punjab"
PKR8.5 Crore,1 Kanal,6,5,"DHA Defence, Lahore, Punjab"
PKR8.95 Crore,1 Kanal,6,5,"DHA Defence, Lahore, Punjab"
PKR1.65 Crore,PKR2.29 Lakh,PKR82.44 Lakh,5,For Sale
PKR7.86 Crore,1 Kanal,7,6,"DHA Defence, Lahore, Punjab"
PKR1.5 Crore,PKR2.08 Lakh,PKR74.97 Lakh,2,For Sale
PKR3.2 Crore,PKR4.44 Lakh,PKR1.6 Crore,6,For Sale
PKR3.15 Crore,PKR4.38 Lakh,PKR1.57 Crore,6,For Sale
PKR8.2 Crore,1 Kanal,6,5,"DHA Defence, Lahore, Punjab"
PKR13 Crore,2 Kanal,6,5,"DHA Defence, Lahore, Punjab"
PKR7.15 Crore,1 Kanal,6,6,"DHA Defence, Lahore, Punjab"
PKR4.2 Crore,10 Marla,5,5,"Park View City, Lahore, Punjab"
PKR2.18 Crore,5 Marla,4,4,"Park View City, Lahore, Punjab"
PKR4.5 Crore,10 Marla,6,5,"Park View City, Lahore, Punjab"
PKR3.5 Crore,5 Marla,6,6,"Johar Town, Lahore, Punjab"
PKR3.5 Crore,5 Marla,6,5,"Johar Town, Lahore, Punjab"
PKR1.5 Crore,4 Marla,5,3,"Batapur, Lahore, Punjab"
PKR2.4 Crore,5 Marla,6,5,"GT Road, Lahore, Punjab"
PKR2.4 Crore,5 Marla,4,3,"Central Park Housing Scheme, Lahore, Punjab"
PKR3.5 Crore,10 Marla,6,5,"Bahria Town, Lahore, Punjab"
PKR4 Crore,10 Marla,6,5,"Bahria Town, Lahore, Punjab"
PKR4.8 Crore,10 Marla,5,4,"DHA Defence, Lahore, Punjab"
PKR7.25 Crore,1 Kanal,6,5,"DHA Defence, Lahore, Punjab"
PKR9 Crore,1 Kanal,7,5,"DHA Defence, Lahore, Punjab"
PKR8.5 Crore,1 Kanal,7,5,"DHA Defence, Lahore, Punjab"
PKR8 Crore,1 Kanal,6,5,"DHA Defence, Lahore, Punjab"
PKR1.7 Crore,PKR2.35 Lakh,PKR84.78 Lakh,5,For Sale
PKR1.7 Crore,PKR2.35 Lakh,PKR84.78 Lakh,5,For Sale
PKR3.25 Crore,PKR4.51 Lakh,PKR1.62 Crore,6,For Sale
PKR1.8 Crore,PKR2.5 Lakh,PKR90 Lakh,5,For Sale
PKR1.75 Crore,2.7 Marla,2,2,"Shadman, Lahore, Punjab"
PKR7.75 Crore,1 Kanal,6,5,"DHA Defence, Lahore, Punjab"
PKR8.75 Crore,1 Kanal,6,5,"DHA Defence, Lahore, Punjab"
PKR2.6 Crore,5 Marla,5,4,"Central Park Housing Scheme, Lahore, Punjab"
PKR1.9 Crore,5 Marla,4,3,"Bahria Town, Lahore, Punjab"
PKR3 Crore,10 Marla,6,5,"Bahria Town, Lahore, Punjab"
PKR13.5 Crore,1 Kanal,6,5,"DHA Defence, Lahore, Punjab"
PKR2.2 Crore,5 Marla,4,4,"Central Park Housing Scheme, Lahore, Punjab"
PKR4.53 Crore,10 Marla,5,4,"DHA Defence, Lahore, Punjab"
PKR2.85 Crore,5 Marla,4,3,"DHA Defence, Lahore, Punjab"
PKR2.35 Crore,5 Marla,4,4,"Park View City, Lahore, Punjab"
PKR1.55 Crore,4 Marla,6,6,"Highcourt Society, Lahore, Punjab"
PKR3.8 Crore,5 Marla,6,5,"Johar Town, Lahore, Punjab"
PKR3.75 Crore,1 Kanal,5,4,"LDA Avenue, Lahore, Punjab"
PKR7.79 Crore,1 Kanal,6,5,"DHA Defence, Lahore, Punjab"
PKR7.2 Crore,1 Kanal,5,5,"Eden, Lahore, Punjab"
PKR2.9 Crore,5 Marla,6,5,"Airline Housing Society, Lahore, Punjab"
PKR3.3 Crore,5 Marla,4,3,"DHA Defence, Lahore, Punjab"
PKR5.8 Crore,10 Marla,6,5,"Raiwind Road, Lahore, Punjab"
PKR5.9 Crore,10 Marla,6,5,"Bahria Town, Lahore, Punjab"
PKR1.9 Crore,5 Marla,4,3,"Raiwind Road, Lahore, Punjab"
PKR3.5 Crore,10 Marla,4,3,"Green City, Lahore, Punjab"
PKR4.15 Crore,14 Marla,5,4,"Green City, Lahore, Punjab"
PKR3 Crore,5 Marla,4,3,"Paragon City, Lahore, Punjab"
PKR2.2 Crore,5 Marla,4,4,"Park View City, Lahore, Punjab"
PKR7 Crore,1 Kanal,6,5,"Beacon House Society, Lahore, Punjab"
PKR1.95 Crore,5 Marla,4,4,"Park View City, Lahore, Punjab"
PKR2.4 Crore,5 Marla,4,4,"Park View City, Lahore, Punjab"
PKR2.45 Crore,5 Marla,4,4,"Park View City, Lahore, Punjab"
PKR24 Crore,1 Kanal,6,7,"DHA Defence, Lahore, Punjab"
PKR11.9 Crore,1 Kanal,6,5,"DHA Defence, Lahore, Punjab"
PKR23.5 Crore,1 Kanal,7,6,"DHA Defence, Lahore, Punjab"
PKR24.5 Crore,1 Kanal,6,5,"DHA Defence, Lahore, Punjab"
PKR12.75 Crore,1 Kanal,6,5,"DHA Defence, Lahore, Punjab"
PKR2.35 Crore,5 Marla,5,4,"Park View City, Lahore, Punjab"
PKR1.4 Crore,5 Marla,3,3,"Al Haram Garden, Lahore, Punjab"
PKR1.5 Crore,3 Marla,3,3,"Raiwind Road, Lahore, Punjab"
PKR3.45 Crore,5 Marla,4,3,"DHA Defence, Lahore, Punjab"
PKR1.65 Crore,3 Marla,5,3,"Raiwind Road, Lahore, Punjab"
PKR1.95 Crore,5 Marla,4,4,"Park View City, Lahore, Punjab"
PKR2.75 Crore,5 Marla,4,3,"DHA Defence, Lahore, Punjab"
PKR9.2 Crore,1 Kanal,6,5,"DHA Defence, Lahore, Punjab"
PKR1.7 Crore,5 Marla,4,4,"Park View City, Lahore, Punjab"
PKR7 Crore,1.1 Kanal,7,6,"Paragon City, Lahore, Punjab"
PKR5.55 Crore,10 Marla,6,5,"Paragon City, Lahore, Punjab"
PKR4 Crore,8.5 Marla,6,5,"Architects Engineers Housing Society, Lahore, Punjab"
PKR7 Crore,9.3 Marla,5,4,"DHA Defence, Lahore, Punjab"
PKR2.8 Crore,5 Marla,5,3,"DHA Defence, Lahore, Punjab"
PKR8.25 Crore,1.1 Kanal,6,5,"DHA Defence, Lahore, Punjab"
PKR7.3 Crore,10 Marla,5,4,"DHA Defence, Lahore, Punjab"
PKR3.2 Crore,PKR4.44 Lakh,PKR1.6 Crore,6,For Sale
PKR1.8 Crore,PKR2.5 Lakh,PKR90 Lakh,5,For Sale
PKR3.25 Crore,PKR4.51 Lakh,PKR1.62 Crore,5,For Sale
PKR1.7 Crore,PKR2.35 Lakh,PKR84.78 Lakh,5,For Sale
PKR16.25 Crore,1 Kanal,6,5,"DHA Defence, Lahore, Punjab"
PKR2.49 Crore,5 Marla,4,3,"DHA Defence, Lahore, Punjab"
PKR3.5 Crore,10 Marla,6,5,"Bahria Town, Lahore, Punjab"
PKR10.75 Crore,1 Kanal,7,6,"DHA Defence, Lahore, Punjab"
PKR55 Crore,2 Kanal,7,6,"DHA Defence, Lahore, Punjab"
PKR8.5 Crore,1 Kanal,5,5,"Bahria Town, Lahore, Punjab"
PKR1.3 Crore,3 Marla,5,4,"Raiwind Road, Lahore, Punjab"
PKR2.7 Crore,8 Marla,5,5,"Bahria Nasheman, Lahore, Punjab"
PKR7.47 Crore,1 Kanal,6,5,"DHA Defence, Lahore, Punjab"
PKR9.25 Crore,1 Kanal,6,5,"DHA Defence, Lahore, Punjab"
PKR2.25 Crore,5 Marla,4,3,"Bahria Orchard, Lahore, Punjab"
PKR1.95 Crore,5 Marla,4,4,"Park View City, Lahore, Punjab"
PKR2.1 Crore,5 Marla,5,3,"Bahria Town, Lahore, Punjab"
PKR2.15 Crore,5 Marla,4,4,"Park View City, Lahore, Punjab"
PKR1.8 Crore,5 Marla,4,4,"Park View City, Lahore, Punjab"
PKR1.3 Crore,3 Marla,4,3,"Raiwind Road, Lahore, Punjab"
PKR7.65 Crore,1 Kanal,7,8,"DHA Defence, Lahore, Punjab"
PKR1.7 Crore,PKR2.35 Lakh,PKR84.78 Lakh,5,For Sale
PKR5.4 Crore,10 Marla,6,4,"DHA Defence, Lahore, Punjab"
PKR6.1 Crore,10 Marla,6,4,"DHA Defence, Lahore, Punjab"
PKR5.85 Crore,10 Marla,7,4,"DHA Defence, Lahore, Punjab"
PKR10.75 Crore,1 Kanal,7,6,"DHA Defence, Lahore, Punjab"
PKR9.25 Crore,1 Kanal,6,5,"DHA Defence, Lahore, Punjab"
PKR12.75 Crore,1 Kanal,6,5,"DHA Defence, Lahore, Punjab"
PKR8.4 Crore,1 Kanal,6,5,"DHA Defence, Lahore, Punjab"
PKR4.65 Crore,11 Marla,3,5,"Emaar Canyon Views, Islamabad, Islamabad Capital"
PKR11 Crore,1 Kanal,6,5,"DHA Defence, Islamabad, Islamabad Capital"
PKR11 Crore,1 Kanal,6,5,"DHA Defence, Islamabad, Islamabad Capital"
PKR11.9 Crore,1 Kanal,6,5,"DHA Defence, Islamabad, Islamabad Capital"
PKR2.35 Crore,5 Marla,5,4,"B-17, Islamabad, Islamabad Capital"
PKR9.5 Crore,1 Kanal,6,6,"DHA Defence, Islamabad, Islamabad Capital"
PKR8.5 Crore,10 Marla,4,5,"DHA Defence, Islamabad, Islamabad Capital"
PKR26 Crore,1 Kanal,6,7,"G-11, Islamabad, Islamabad Capital"
PKR14.25 Crore,12.4 Marla,6,9,"I-8, Islamabad, Islamabad Capital"
PKR4.6 Crore,10 Marla,-,-,"Bani Gala, Islamabad, Islamabad Capital"
PKR6.4 Crore,10 Marla,6,5,"B-17, Islamabad, Islamabad Capital"
PKR10.9 Crore,1 Kanal,6,6,"DHA Defence, Islamabad, Islamabad Capital"
PKR3.5 Crore,10 Marla,6,5,"F-17, Islamabad, Islamabad Capital"
PKR10.25 Crore,1 Kanal,6,5,"DHA Defence, Islamabad, Islamabad Capital"
PKR8.5 Crore,1 Kanal,6,6,"DHA Defence, Islamabad, Islamabad Capital"
PKR7.9 Crore,1 Kanal,6,5,"DHA Defence, Islamabad, Islamabad Capital"
PKR10.95 Crore,1 Kanal,5,5,"DHA Defence, Islamabad, Islamabad Capital"
PKR22 Crore,1 Kanal,7,11,"I-8, Islamabad, Islamabad Capital"
PKR2.9 Crore,5 Marla,-,-,"B-17, Islamabad, Islamabad Capital"
PKR2.78 Crore,8 Marla,6,5,"F-17, Islamabad, Islamabad Capital"
PKR10.9 Crore,1 Kanal,5,5,"DHA Defence, Islamabad, Islamabad Capital"
PKR10.7 Crore,1 Kanal,6,5,"DHA Defence, Islamabad, Islamabad Capital"
PKR10.8 Crore,1 Kanal,6,5,"DHA Defence, Islamabad, Islamabad Capital"
PKR10.9 Crore,1 Kanal,6,7,"DHA Defence, Islamabad, Islamabad Capital"
PKR11 Crore,1 Kanal,6,5,"DHA Defence, Islamabad, Islamabad Capital"
PKR5.25 Crore,10 Marla,6,5,"B-17, Islamabad, Islamabad Capital"
PKR11.9 Crore,1 Kanal,6,5,"DHA Defence, Islamabad, Islamabad Capital"
PKR24 Crore,1 Kanal,6,7,"D-12, Islamabad, Islamabad Capital"
PKR11.7 Crore,10 Marla,6,5,"D-12, Islamabad, Islamabad Capital"
PKR14.3 Crore,1 Kanal,6,5,"DHA Defence, Islamabad, Islamabad Capital"
PKR6 Crore,10 Marla,6,7,"Bahria Town, Islamabad, Islamabad Capital"
PKR6.75 Crore,10 Marla,7,8,"Faisal Town - F-18, Islamabad, Islamabad Capital"
PKR5.1 Crore,4 Marla,4,4,"D-12, Islamabad, Islamabad Capital"
PKR1.6 Crore,5.5 Marla,-,-,"Bani Gala, Islamabad, Islamabad Capital"
PKR2.85 Crore,8 Marla,5,4,"B-17, Islamabad, Islamabad Capital"
PKR10.9 Crore,1 Kanal,6,6,"DHA Defence, Islamabad, Islamabad Capital"
PKR13.75 Crore,1 Kanal,6,6,"DHA Defence, Islamabad, Islamabad Capital"
PKR2.9 Crore,5 Marla,5,5,"I-14, Islamabad, Islamabad Capital"
PKR3.1 Crore,6 Marla,5,5,"I-14, Islamabad, Islamabad Capital"
PKR8.5 Crore,10 Marla,6,6,"G-13, Islamabad, Islamabad Capital"
PKR2.49 Crore,5 Marla,4,4,"B-17, Islamabad, Islamabad Capital"
PKR3.95 Crore,10 Marla,5,4,"Top City 1, Islamabad, Islamabad Capital"
PKR11 Crore,1 Kanal,6,6,"DHA Defence, Islamabad, Islamabad Capital"
PKR5.6 Crore,7 Marla,6,5,"G-13, Islamabad, Islamabad Capital"
PKR3.7 Crore,4.4 Marla,5,4,"G-13, Islamabad, Islamabad Capital"
PKR6.9 Crore,8 Marla,6,7,"G-14, Islamabad, Islamabad Capital"
PKR11 Crore,1 Kanal,6,5,"DHA Defence, Islamabad, Islamabad Capital"
PKR7 Crore,10 Marla,6,5,"DHA Defence, Islamabad, Islamabad Capital"
PKR9.8 Crore,1 Kanal,6,5,"DHA Defence, Islamabad, Islamabad Capital"
PKR10.9 Crore,1 Kanal,6,6,"DHA Defence, Islamabad, Islamabad Capital"
PKR16.25 Crore,14 Marla,6,6,"G-9, Islamabad, Islamabad Capital"
PKR6.9 Crore,10 Marla,6,7,"DHA Defence, Islamabad, Islamabad Capital"
PKR3.15 Crore,5 Marla,5,4,"B-17, Islamabad, Islamabad Capital"
PKR3.95 Crore,5 Marla,5,4,"DHA Defence, Islamabad, Islamabad Capital"
PKR6.1 Crore,10 Marla,5,5,"Top City 1, Islamabad, Islamabad Capital"
PKR4.7 Crore,10.1 Marla,6,5,"National Police Foundation O-9, Islamabad, Islamabad Capital"
PKR2.4 Crore,6 Marla,4,3,"Bani Gala, Islamabad, Islamabad Capital"
PKR2.25 Crore,6 Marla,3,3,"Bani Gala, Islamabad, Islamabad Capital"
PKR26.5 Crore,1.3 Kanal,6,6,"G-6, Islamabad, Islamabad Capital"
PKR3.5 Crore,6.7 Marla,7,6,"Mumtaz City, Islamabad, Islamabad Capital"
PKR14.9 Crore,1 Kanal,4,3,"DHA Defence, Islamabad, Islamabad Capital"
PKR7.9 Crore,1 Kanal,6,5,"DHA Defence, Islamabad, Islamabad Capital"
PKR29 Crore,1 Kanal,6,6,"F-7, Islamabad, Islamabad Capital"
PKR11 Crore,14.2 Marla,4,4,"G-9, Islamabad, Islamabad Capital"
PKR2.4 Crore,5 Marla,5,4,"B-17, Islamabad, Islamabad Capital"
PKR10.5 Crore,14 Marla,6,6,"G-14, Islamabad, Islamabad Capital"
PKR5.2 Crore,8 Marla,6,6,"Shehzad Town, Islamabad, Islamabad Capital"
PKR12.1 Crore,1 Kanal,6,5,"DHA Defence, Islamabad, Islamabad Capital"
PKR13.25 Crore,1 Kanal,6,6,"DHA Defence, Islamabad, Islamabad Capital"
PKR4.15 Crore,5 Marla,4,3,"DHA Defence, Islamabad, Islamabad Capital"
PKR12.45 Crore,1 Kanal,5,5,"DHA Defence, Islamabad, Islamabad Capital"
PKR13.85 Crore,1 Kanal,6,6,"DHA Defence, Islamabad, Islamabad Capital"
PKR14.5 Crore,1 Kanal,-,-,"DHA Defence, Islamabad, Islamabad Capital"
PKR12 Crore,14 Marla,6,6,"G-13, Islamabad, Islamabad Capital"
PKR5.7 Crore,10 Marla,-,-,"Bahria Town, Islamabad, Islamabad Capital"
PKR12.95 Crore,1 Kanal,6,5,"Top City 1, Islamabad, Islamabad Capital"
PKR35 Crore,1.6 Kanal,6,6,"F-10, Islamabad, Islamabad Capital"
PKR10.5 Crore,1 Kanal,-,6,"DHA Defence, Islamabad, Islamabad Capital"
PKR27 Crore,2.6 Kanal,-,9,"DHA Defence, Islamabad, Islamabad Capital"
PKR14.9 Crore,1.5 Kanal,-,-,"DHA Defence, Islamabad, Islamabad Capital"
PKR6.75 Crore,10 Marla,6,9,"Faisal Town - F-18, Islamabad, Islamabad Capital"
PKR5 Crore,8 Marla,6,5,"Park View City, Islamabad, Islamabad Capital"
PKR5.6 Crore,8 Marla,5,5,"G-13, Islamabad, Islamabad Capital"
PKR2.45 Crore,5 Marla,6,5,"I-14, Islamabad, Islamabad Capital"
PKR12 Crore,1 Kanal,6,5,"Bahria Town, Islamabad, Islamabad Capital"
PKR8.9 Crore,1 Kanal,6,5,"DHA Defence, Islamabad, Islamabad Capital"
PKR5.25 Crore,10 Marla,6,5,"B-17, Islamabad, Islamabad Capital"
PKR4.4 Crore,10 Marla,6,9,"Lehtrar Road, Islamabad, Islamabad Capital"
PKR10.5 Crore,1 Kanal,6,7,"Kuri Road, Islamabad, Islamabad Capital"
PKR10.5 Crore,1 Kanal,7,6,"DHA Defence, Islamabad, Islamabad Capital"
PKR15 Crore,2 Kanal,7,9,"Bahria Town, Islamabad, Islamabad Capital"
PKR8.25 Crore,1 Kanal,6,6,"Naval Anchorage, Islamabad, Islamabad Capital"
PKR45 Crore,1.1 Kanal,-,7,"F-6, Islamabad, Islamabad Capital"
PKR4.35 Crore,5 Marla,4,4,"I-10, Islamabad, Islamabad Capital"
PKR41 Crore,1.1 Kanal,-,8,"F-7, Islamabad, Islamabad Capital"
PKR11.9 Crore,1 Kanal,6,5,"DHA Defence, Islamabad, Islamabad Capital"
PKR12.9 Crore,1 Kanal,6,5,"DHA Defence, Islamabad, Islamabad Capital"
PKR10.9 Crore,1 Kanal,6,5,"DHA Defence, Islamabad, Islamabad Capital"
PKR18 Crore,1.5 Kanal,6,6,"DHA Defence, Islamabad, Islamabad Capital"
PKR7.9 Crore,1 Kanal,6,5,"DHA Defence, Islamabad, Islamabad Capital"
PKR6 Crore,10 Marla,6,6,"Bahria Town, Islamabad, Islamabad Capital"
PKR5.5 Crore,6 Marla,4,5,"G-11, Islamabad, Islamabad Capital"
PKR3.3 Crore,5 Marla,4,4,"B-17, Islamabad, Islamabad Capital"
PKR11.22 Crore,1 Kanal,6,6,"DHA Defence, Islamabad, Islamabad Capital"
PKR15 Crore,1 Kanal,5,5,"DHA Defence, Islamabad, Islamabad Capital"
PKR12.5 Crore,1 Kanal,7,6,"DHA Defence, Islamabad, Islamabad Capital"
PKR8.5 Crore,10 Marla,6,7,"G-13, Islamabad, Islamabad Capital"
PKR2.5 Crore,6 Marla,6,8,"Bani Gala, Islamabad, Islamabad Capital"
PKR14.75 Crore,1 Kanal,6,6,"DHA Defence, Islamabad, Islamabad Capital"
PKR7 Crore,1 Kanal,4,3,"DHA Defence, Islamabad, Islamabad Capital"
PKR2.65 Crore,5 Marla,5,4,"B-17, Islamabad, Islamabad Capital"
PKR4.9 Crore,10 Marla,5,4,"DHA Defence, Islamabad, Islamabad Capital"
PKR3.6 Crore,5 Marla,6,5,"Park View City, Islamabad, Islamabad Capital"
PKR6.1 Crore,10 Marla,6,5,"DHA Defence, Islamabad, Islamabad Capital"
PKR4.8 Crore,9 Marla,6,7,"Green Avenue, Islamabad, Islamabad Capital"
PKR9.8 Crore,14 Marla,4,3,"Bahria Town, Islamabad, Islamabad Capital"
PKR1.75 Crore,5 Marla,4,3,"H-13, Islamabad, Islamabad Capital"
PKR7.9 Crore,1 Kanal,6,5,"DHA Defence, Islamabad, Islamabad Capital"
PKR7.8 Crore,1 Kanal,7,6,"PWD Housing Scheme, Islamabad, Islamabad Capital"
PKR4.2 Crore,10 Marla,4,4,"Top City 1, Islamabad, Islamabad Capital"
PKR4.2 Crore,10 Marla,7,7,"Top City 1, Islamabad, Islamabad Capital"
PKR45 Crore,2 Kanal,6,6,"F-8, Islamabad, Islamabad Capital"
PKR2.5 Crore,5 Marla,6,7,"I-14, Islamabad, Islamabad Capital"
PKR9.5 Crore,10.9 Marla,6,7,"F-11, Islamabad, Islamabad Capital"
PKR45 Crore,2.4 Kanal,5,5,"F-8, Islamabad, Islamabad Capital"
PKR10.9 Crore,1 Kanal,6,5,"DHA Defence, Islamabad, Islamabad Capital"
PKR6.95 Crore,15 Marla,6,5,"DHA Defence, Islamabad, Islamabad Capital"
PKR14.9 Crore,1 Kanal,6,5,"DHA Defence, Islamabad, Islamabad Capital"
PKR13.9 Crore,1 Kanal,6,5,"DHA Defence, Islamabad, Islamabad Capital"
PKR3.2 Crore,5 Marla,3,3,"Bahria Town, Islamabad, Islamabad Capital"
PKR2.6 Crore,5 Marla,4,4,"B-17, Islamabad, Islamabad Capital"
PKR8.9 Crore,8 Marla,6,5,"G-11, Islamabad, Islamabad Capital"
PKR38 Crore,1.6 Kanal,5,5,"F-6, Islamabad, Islamabad Capital"
PKR6.5 Crore,10 Marla,7,4,"I-14, Islamabad, Islamabad Capital"
PKR10.5 Crore,15 Marla,7,7,"I-14, Islamabad, Islamabad Capital"
PKR5.85 Crore,13 Marla,6,5,"DHA Defence, Islamabad, Islamabad Capital"
PKR15.85 Crore,1.8 Kanal,6,5,"Bahria Town, Islamabad, Islamabad Capital"
PKR4 Crore,7 Marla,6,4,"Gulberg, Islamabad, Islamabad Capital"
PKR1.2 Crore,5 Marla,2,2,"Bani Gala, Islamabad, Islamabad Capital"
PKR4 Crore,9 Marla,4,4,"Bani Gala, Islamabad, Islamabad Capital"
PKR7.9 Crore,1 Kanal,6,6,"DHA Defence, Islamabad, Islamabad Capital"
PKR7.9 Crore,1 Kanal,6,5,"DHA Defence, Islamabad, Islamabad Capital"
PKR40 Crore,1.3 Kanal,6,8,"F-11, Islamabad, Islamabad Capital"
PKR19 Crore,1 Kanal,6,8,"F-11, Islamabad, Islamabad Capital"
PKR24.5 Crore,1 Kanal,5,5,"F-8, Islamabad, Islamabad Capital"
PKR9.75 Crore,7 Marla,5,5,"D-12, Islamabad, Islamabad Capital"
PKR2.85 Crore,8 Marla,4,4,"Bahria Town, Islamabad, Islamabad Capital"
PKR4.25 Crore,8 Marla,6,5,"Bahria Town, Islamabad, Islamabad Capital"
PKR5 Crore,10 Marla,6,5,"Bahria Town, Islamabad, Islamabad Capital"
PKR2.5 Crore,5 Marla,4,3,"Bahria Town, Islamabad, Islamabad Capital"
PKR8.25 Crore,10 Marla,6,5,"DHA Defence, Islamabad, Islamabad Capital"
PKR6.3 Crore,11 Marla,6,5,"Bahria Town, Islamabad, Islamabad Capital"
PKR3.1 Crore,5 Marla,4,3,"Bahria Town, Islamabad, Islamabad Capital"
PKR2.9 Crore,5 Marla,5,6,"B-17, Islamabad, Islamabad Capital"
PKR2.5 Crore,5 Marla,3,3,"B-17, Islamabad, Islamabad Capital"
PKR4.75 Crore,9 Marla,3,5,"Rawal Town, Islamabad, Islamabad Capital"
PKR3.8 Crore,9.3 Marla,3,3,"PWD Housing Scheme, Islamabad, Islamabad Capital"
PKR2.75 Crore,5 Marla,4,4,"B-17, Islamabad, Islamabad Capital"
PKR14 Crore,1 Kanal,-,-,"B-17, Islamabad, Islamabad Capital"
PKR4.8 Crore,9 Marla,6,5,"Bahria Town, Islamabad, Islamabad Capital"
PKR17.5 Crore,3.8 Kanal,6,6,"Bahria Town, Islamabad, Islamabad Capital"
PKR5.5 Crore,4 Marla,5,3,"D-12, Islamabad, Islamabad Capital"
PKR6.4 Crore,14.2 Marla,6,6,"B-17, Islamabad, Islamabad Capital"
PKR4.8 Crore,8 Marla,6,7,"Lehtrar Road, Islamabad, Islamabad Capital"
PKR16.5 Crore,1.2 Kanal,7,8,"DHA Defence, Islamabad, Islamabad Capital"
PKR26 Crore,2 Kanal,6,6,"DHA Defence, Islamabad, Islamabad Capital"
PKR16.9 Crore,1 Kanal,6,6,"DHA Defence, Islamabad, Islamabad Capital"
PKR2.8 Crore,5 Marla,5,4,"B-17, Islamabad, Islamabad Capital"
PKR2.35 Crore,5 Marla,-,-,"B-17, Islamabad, Islamabad Capital"
PKR4.5 Crore,10 Marla,6,5,"Top City 1, Islamabad, Islamabad Capital"
PKR15 Crore,1 Kanal,6,5,"DHA Defence, Islamabad, Islamabad Capital"
PKR1.7 Crore,6 Marla,4,3,"Bani Gala, Islamabad, Islamabad Capital"
PKR1.7 Crore,5 Marla,6,4,"Bani Gala, Islamabad, Islamabad Capital"
PKR1.1 Crore,5 Marla,3,2,"Bani Gala, Islamabad, Islamabad Capital"
PKR11.5 Crore,14 Marla,6,6,"E-11, Islamabad, Islamabad Capital"
PKR2.4 Crore,5 Marla,3,3,"Bahria Town, Islamabad, Islamabad Capital"
PKR13 Crore,10 Marla,6,6,"D-12, Islamabad, Islamabad Capital"
PKR6.4 Crore,5 Marla,5,4,"D-12, Islamabad, Islamabad Capital"
PKR9 Crore,8 Marla,6,5,"D-12, Islamabad, Islamabad Capital"
PKR8.9 Crore,10.9 Marla,5,4,"G-10, Islamabad, Islamabad Capital"
PKR68 Crore,2 Kanal,6,6,"E-7, Islamabad, Islamabad Capital"
PKR3.2 Crore,8 Marla,5,4,"B-17, Islamabad, Islamabad Capital"
PKR6.9 Crore,10 Marla,6,5,"Bahria Town, Islamabad, Islamabad Capital"
PKR6.25 Crore,6.7 Marla,4,4,"G-10, Islamabad, Islamabad Capital"
PKR19.5 Crore,14.2 Marla,7,11,"G-9, Islamabad, Islamabad Capital"
PKR5.75 Crore,10 Marla,6,5,"Bahria Town, Islamabad, Islamabad Capital"
PKR7.5 Crore,10 Marla,7,5,"DHA Defence, Islamabad, Islamabad Capital"
PKR14.75 Crore,1 Kanal,6,5,"DHA Defence, Islamabad, Islamabad Capital"
PKR16.9 Crore,1 Kanal,6,5,"DHA Defence, Islamabad, Islamabad Capital"
PKR3.5 Crore,5.8 Marla,3,3,"Park View City, Islamabad, Islamabad Capital"
PKR11.75 Crore,1 Kanal,7,5,"DHA Defence, Islamabad, Islamabad Capital"
PKR5 Crore,10 Marla,-,4,"Zaraj Housing Scheme, Islamabad, Islamabad Capital"
PKR8 Crore,12 Marla,6,6,"E-11, Islamabad, Islamabad Capital"
PKR37 Crore,1 Kanal,6,7,"F-8, Islamabad, Islamabad Capital"
PKR28.75 Crore,1 Kanal,6,5,"F-8, Islamabad, Islamabad Capital"
PKR1.89 Arab,3.7 Kanal,6,8,"F-6, Islamabad, Islamabad Capital"
PKR50 Crore,1.3 Kanal,6,7,"F-7, Islamabad, Islamabad Capital"
PKR40 Crore,17.8 Marla,6,7,"F-6, Islamabad, Islamabad Capital"
PKR10 Crore,10 Marla,6,7,"G-14, Islamabad, Islamabad Capital"
PKR3.9 Crore,5 Marla,4,3,"DHA Defence, Islamabad, Islamabad Capital"
PKR12 Crore,10 Marla,5,5,"D-12, Islamabad, Islamabad Capital"
PKR6.5 Crore,10 Marla,5,5,"Bahria Town, Islamabad, Islamabad Capital"
PKR5.8 Crore,10 Marla,7,5,"Bahria Town, Islamabad, Islamabad Capital"
PKR5.85 Crore,4.4 Marla,5,3,"D-12, Islamabad, Islamabad Capital"
PKR13.9 Crore,10 Marla,6,7,"D-12, Islamabad, Islamabad Capital"
PKR12.75 Crore,12.4 Marla,6,5,"I-8, Islamabad, Islamabad Capital"
PKR7.5 Crore,10 Marla,6,5,"DHA Defence, Islamabad, Islamabad Capital"
PKR18.25 Crore,1 Kanal,6,9,"F-11, Islamabad, Islamabad Capital"
PKR24 Crore,1.6 Kanal,5,4,"F-11, Islamabad, Islamabad Capital"
PKR17.5 Crore,1 Kanal,6,5,"F-10, Islamabad, Islamabad Capital"
PKR7.5 Crore,10 Marla,7,5,"DHA Defence, Islamabad, Islamabad Capital"
PKR4.7 Crore,4 Marla,4,3,"D-12, Islamabad, Islamabad Capital"
PKR8.7 Crore,8 Marla,6,6,"G-10, Islamabad, Islamabad Capital"
PKR18 Crore,14.2 Marla,7,7,"G-9, Islamabad, Islamabad Capital"
PKR3.55 Crore,7 Marla,5,4,"FECHS, Islamabad, Islamabad Capital"
PKR4 Crore,7 Marla,6,5,"FECHS, Islamabad, Islamabad Capital"
PKR4.1 Crore,7 Marla,6,5,"FECHS, Islamabad, Islamabad Capital"
PKR4.1 Crore,5 Marla,4,3,"DHA Defence, Islamabad, Islamabad Capital"
PKR7 Crore,10 Marla,6,5,"B-17, Islamabad, Islamabad Capital"
PKR2.7 Crore,5 Marla,5,4,"B-17, Islamabad, Islamabad Capital"
PKR6.2 Crore,10 Marla,6,5,"DHA Defence, Islamabad, Islamabad Capital"
PKR2.85 Crore,8 Marla,5,5,"PECHS, Islamabad, Islamabad Capital"
PKR1.99 Crore,6 Marla,6,5,"Ghauri Town, Islamabad, Islamabad Capital"
PKR45 Crore,2 Kanal,6,6,"F-6, Islamabad, Islamabad Capital"
PKR70 Crore,3.4 Kanal,6,7,"F-6, Islamabad, Islamabad Capital"
PKR70 Crore,2 Kanal,6,7,"E-7, Islamabad, Islamabad Capital"
PKR11.5 Crore,1 Kanal,6,6,"Gulberg, Islamabad, Islamabad Capital"
PKR13.85 Crore,1 Kanal,6,6,"DHA Defence, Islamabad, Islamabad Capital"
PKR55 Crore,2 Kanal,6,6,"F-6, Islamabad, Islamabad Capital"
PKR80 Crore,2 Kanal,-,9,"F-6, Islamabad, Islamabad Capital"
PKR4.5 Crore,10 Marla,6,6,"Faisal Hills, Islamabad, Islamabad Capital"
PKR15 Crore,10 Marla,6,7,"D-12, Islamabad, Islamabad Capital"
PKR2.7 Crore,8 Marla,6,6,"Bani Gala, Islamabad, Islamabad Capital"
PKR7 Crore,1 Kanal,7,7,"Naval Anchorage, Islamabad, Islamabad Capital"
PKR8.1 Crore,10 Marla,6,4,"DHA Defence, Islamabad, Islamabad Capital"
PKR15 Crore,10 Marla,6,5,"D-12, Islamabad, Islamabad Capital"
PKR16 Crore,14 Marla,6,6,"D-12, Islamabad, Islamabad Capital"
PKR2.8 Crore,7 Marla,4,3,"FECHS, Islamabad, Islamabad Capital"
PKR12.9 Crore,1 Kanal,6,6,"DHA Defence, Islamabad, Islamabad Capital"
PKR2.6 Crore,5 Marla,6,5,"FECHS, Islamabad, Islamabad Capital"
PKR10.9 Crore,1 Kanal,5,5,"DHA Defence, Islamabad, Islamabad Capital"
PKR5 Crore,11 Marla,7,5,"Gulberg, Islamabad, Islamabad Capital"
PKR40 Crore,2 Kanal,6,6,"F-7, Islamabad, Islamabad Capital"
PKR65 Crore,3.6 Kanal,6,6,"F-7, Islamabad, Islamabad Capital"
PKR12.5 Crore,1 Kanal,6,5,"DHA Defence, Islamabad, Islamabad Capital"
PKR12.5 Crore,1 Kanal,6,5,"DHA Defence, Islamabad, Islamabad Capital"
PKR11.22 Crore,1 Kanal,6,5,"DHA Defence, Islamabad, Islamabad Capital"
PKR28 Crore,1 Kanal,6,6,"F-8, Islamabad, Islamabad Capital"
PKR10.5 Crore,1 Kanal,6,5,"DHA Defence, Islamabad, Islamabad Capital"
PKR35 Crore,2 Kanal,6,6,"F-8, Islamabad, Islamabad Capital"
